순번,기관명,기간,강의내용,대표사례,사진URL,대표사진URL
1,홈플러스 합정점 스마트폰·디지털 교육,2021 - 2026.07,"장기간 스마트폰·AI 활용 교육 진행. 지점 폐점 이후에도 기존 수강생들과 학습모임을 이어가고 있습니다.",Y,,
2,연희노인여가복지시설 경로당,2023 - 현재,파견 강사 · 스마트폰 AI 활용,Y,,
3,선농문화포럼,2023 - 현재,시니어 스마트폰 AI 활용,Y,,
4,강남노인종합복지관,2023 - 현재,AI 활용 스마트폰 자격증과정 · 영상 자서전,Y,,
5,홈플러스 합정점,2022.11 - 2023.01,유튜버 되기,N,,
6,온지곤지 협동조합,2023.05 - 2023.09,영상편집 VLLO,N,,
7,D딤돌 커뮤니티,2023.09 - 2023.12,CapCut 영상 편집,N,,
8,래미안 도곡 카운티 경로당,2024.03 - 2026.02,"스마트폰 활용·디지털 생활·생성형 AI 활용 (시니어 대상 장기 정규 교육)",Y,,
9,디지털 배움터,2025.07 - 2025.08,쇼츠 크리에이터,N,,
10,다문화 에듀센터 아띠,2025.08 - 2025.08,영상 편집,N,,
11,D딤돌 커뮤니티(새벽스터디),2025.07 - 현재,AI 영상편집·CapCut 브랜딩,N,,
12,지혜 공작소 커뮤니티,2025.07 - 현재,쇼츠 크리에이터,N,,
13,명륜중앙교회,2025년,시니어-청년 통합 디지털 특강,N,,
